id,tool_call
T-00001,no_action
T-00002,no_action
T-00003,no_action
T-00004,no_action
T-00005,no_action
T-00006,no_action
T-00007,no_action
T-00008,no_action
T-00009,no_action
T-00010,no_action
T-00011,no_action
T-00012,no_action
T-00013,no_action
T-00014,no_action
T-00015,no_action
T-00016,no_action
T-00017,no_action
T-00018,no_action
T-00019,no_action
T-00020,no_action
T-00021,no_action
T-00022,no_action
T-00023,no_action
T-00024,no_action
T-00025,no_action
T-00026,no_action
T-00027,no_action
T-00028,no_action
T-00029,no_action
T-00030,no_action
T-00031,no_action
T-00032,no_action
T-00033,no_action
T-00034,no_action
T-00035,no_action
T-00036,no_action
T-00037,no_action
T-00038,no_action
T-00039,no_action
T-00040,no_action
T-00041,no_action
T-00042,no_action
T-00043,no_action
T-00044,no_action
T-00045,no_action
T-00046,no_action
T-00047,no_action
T-00048,no_action
T-00049,no_action
T-00050,no_action
T-00051,no_action
T-00052,no_action
T-00053,no_action
T-00054,no_action
T-00055,no_action
T-00056,no_action
T-00057,no_action
T-00058,no_action
T-00059,no_action
T-00060,no_action
T-00061,no_action
T-00062,no_action
T-00063,no_action
T-00064,no_action
T-00065,no_action
T-00066,no_action
T-00067,no_action
T-00068,no_action
T-00069,no_action
T-00070,no_action
T-00071,no_action
T-00072,no_action
T-00073,no_action
T-00074,no_action
T-00075,no_action
T-00076,no_action
T-00077,no_action
T-00078,no_action
T-00079,no_action
T-00080,no_action
T-00081,no_action
T-00082,no_action
T-00083,no_action
T-00084,no_action
T-00085,no_action
T-00086,no_action
T-00087,no_action
T-00088,no_action
T-00089,no_action
T-00090,no_action
T-00091,no_action
T-00092,no_action
T-00093,no_action
T-00094,no_action
T-00095,no_action
T-00096,no_action
T-00097,no_action
T-00098,no_action
T-00099,no_action
T-00100,no_action
T-00101,no_action
T-00102,no_action
T-00103,no_action
T-00104,no_action
T-00105,no_action
T-00106,no_action
T-00107,no_action
T-00108,no_action
T-00109,no_action
T-00110,no_action
T-00111,no_action
T-00112,no_action
T-00113,no_action
T-00114,no_action
T-00115,no_action
T-00116,no_action
T-00117,no_action
T-00118,no_action
T-00119,no_action
T-00120,no_action
T-00121,no_action
T-00122,no_action
T-00123,no_action
T-00124,no_action
T-00125,no_action
T-00126,no_action
T-00127,no_action
T-00128,no_action
T-00129,no_action
T-00130,no_action
T-00131,no_action
T-00132,no_action
T-00133,no_action
T-00134,no_action
T-00135,no_action
T-00136,no_action
T-00137,no_action
T-00138,no_action
T-00139,no_action
T-00140,no_action
T-00141,no_action
T-00142,no_action
T-00143,no_action
T-00144,no_action
T-00145,no_action
T-00146,no_action
T-00147,no_action
T-00148,no_action
T-00149,no_action
T-00150,no_action
T-00151,no_action
T-00152,no_action
T-00153,no_action
T-00154,no_action
T-00155,no_action
T-00156,no_action
T-00157,no_action
T-00158,no_action
T-00159,no_action
T-00160,no_action
T-00161,no_action
T-00162,no_action
T-00163,no_action
T-00164,no_action
T-00165,no_action
T-00166,no_action
T-00167,no_action
T-00168,no_action
T-00169,no_action
T-00170,no_action
T-00171,no_action
T-00172,no_action
T-00173,no_action
T-00174,no_action
T-00175,no_action
T-00176,no_action
T-00177,no_action
T-00178,no_action
T-00179,no_action
T-00180,no_action
T-00181,no_action
T-00182,no_action
T-00183,no_action
T-00184,no_action
T-00185,no_action
T-00186,no_action
T-00187,no_action
T-00188,no_action
T-00189,no_action
T-00190,no_action
T-00191,no_action
T-00192,no_action
T-00193,no_action
T-00194,no_action
T-00195,no_action
T-00196,no_action
T-00197,no_action
T-00198,no_action
T-00199,no_action
T-00200,no_action
T-00201,no_action
T-00202,no_action
T-00203,no_action
T-00204,no_action
T-00205,no_action
T-00206,no_action
T-00207,no_action
T-00208,no_action
T-00209,no_action
T-00210,no_action
T-00211,no_action
T-00212,no_action
T-00213,no_action
T-00214,no_action
T-00215,no_action
T-00216,no_action
T-00217,no_action
T-00218,no_action
T-00219,no_action
T-00220,no_action
T-00221,no_action
T-00222,no_action
T-00223,no_action
T-00224,no_action
T-00225,no_action
T-00226,no_action
T-00227,no_action
T-00228,no_action
T-00229,no_action
T-00230,no_action
T-00231,no_action
T-00232,no_action
T-00233,no_action
T-00234,no_action
T-00235,no_action
T-00236,no_action
T-00237,no_action
T-00238,no_action
T-00239,no_action
T-00240,no_action
T-00241,no_action
T-00242,no_action
T-00243,no_action
T-00244,no_action
T-00245,no_action
T-00246,no_action
T-00247,no_action
T-00248,no_action
T-00249,no_action
T-00250,no_action
T-00251,no_action
T-00252,no_action
T-00253,no_action
T-00254,no_action
T-00255,no_action
T-00256,no_action
T-00257,no_action
T-00258,no_action
T-00259,no_action
T-00260,no_action
T-00261,no_action
T-00262,no_action
T-00263,no_action
T-00264,no_action
T-00265,no_action
T-00266,no_action
T-00267,no_action
T-00268,no_action
T-00269,no_action
T-00270,no_action
T-00271,no_action
T-00272,no_action
T-00273,no_action
T-00274,no_action
T-00275,no_action
T-00276,no_action
T-00277,no_action
T-00278,no_action
T-00279,no_action
T-00280,no_action
T-00281,no_action
T-00282,no_action
T-00283,no_action
T-00284,no_action
T-00285,no_action
T-00286,no_action
T-00287,no_action
T-00288,no_action
T-00289,no_action
T-00290,no_action
T-00291,no_action
T-00292,no_action
T-00293,no_action
T-00294,no_action
T-00295,no_action
T-00296,no_action
T-00297,no_action
T-00298,no_action
T-00299,no_action
T-00300,no_action
T-00301,no_action
T-00302,no_action
T-00303,no_action
T-00304,no_action
T-00305,no_action
T-00306,no_action
T-00307,no_action
T-00308,no_action
T-00309,no_action
T-00310,no_action
T-00311,no_action
T-00312,no_action
T-00313,no_action
T-00314,no_action
T-00315,no_action
T-00316,no_action
T-00317,no_action
T-00318,no_action
T-00319,no_action
T-00320,no_action
T-00321,no_action
T-00322,no_action
T-00323,no_action
T-00324,no_action
T-00325,no_action
T-00326,no_action
T-00327,no_action
T-00328,no_action
T-00329,no_action
T-00330,no_action
T-00331,no_action
T-00332,no_action
T-00333,no_action
T-00334,no_action
T-00335,no_action
T-00336,no_action
T-00337,no_action
T-00338,no_action
T-00339,no_action
T-00340,no_action
