id,tool_call,Usage
Q-00794,"request_supply(category='scientific',urgency='emergency')",Public
Q-00365,"activate_protocol(protocol_id='MASA-SEC-008',scope='module_only')",Public
Q-01558,"get_module_status(module='tucan',system='life_support')",Public
Q-03295,"activate_protocol(protocol_id='MASA-SEC-004',scope='station_wide')",Private
Q-00491,"control_system(module='jaguar',system='heating',action='deactivate')",Public
Q-00149,"send_message(recipient='all_crew',priority='medium')",Public
Q-01229,"activate_protocol(protocol_id='MASA-SEC-001',scope='station_wide')",Public
Q-03457,"schedule_maintenance(module='quetzal',task='sensor_repair',priority='routine')",Private
Q-03300,"activate_protocol(protocol_id='MASA-SEC-011',scope='module_only')",Private
Q-03530,no_action,Private
Q-01744,"activate_protocol(protocol_id='MASA-SEC-008',scope='module_only')",Public
Q-03354,"get_module_status(module='jaguar',system='life_support')",Private
Q-03537,no_action,Private
Q-01427,"send_alert(module='vicuna',severity='critical',reason='radiation_spike')",Public
Q-00735,"activate_protocol(protocol_id='MASA-SEC-017',scope='module_only')",Public
Q-01301,"activate_protocol(protocol_id='MASA-SEC-017',scope='module_only')",Public
Q-03563,"calculate_trajectory(maneuver='orbit_adjustment',urgency='immediate')",Private
Q-00439,"send_alert(module='condor',severity='high',reason='radiation_spike')",Public
Q-03423,"activate_protocol(protocol_id='MASA-SEC-011',scope='module_only')",Private
Q-00262,"activate_protocol(protocol_id='MASA-SEC-008',scope='module_only')",Public
Q-03390,"send_alert(module='vicuna',severity='high',reason='radiation_spike')",Private
Q-00808,"send_alert(module='jaguar',severity='high',reason='pressure_drop')",Public
Q-03268,"send_alert(module='jaguar',severity='high',reason='pressure_drop')",Private
Q-00732,"send_alert(module='tucan',severity='critical',reason='abnormal_temperature')",Public
Q-02528,"activate_protocol(protocol_id='MASA-SEC-008',scope='module_only')",Public
Q-00693,"send_alert(module='vicuna',severity='medium',reason='power_fluctuation')",Public
Q-03277,"schedule_maintenance(module='condor',task='power_cell_swap',priority='routine')",Private
Q-00809,"activate_protocol(protocol_id='MASA-SEC-010',scope='module_only')",Public
Q-00140,"activate_protocol(protocol_id='MASA-SEC-009',scope='module_only')",Public
Q-00210,"send_alert(module='condor',severity='critical',reason='power_fluctuation')",Public
Q-01664,"activate_protocol(protocol_id='MASA-SEC-012',scope='station_wide')",Public
Q-03470,"activate_protocol(protocol_id='MASA-SEC-012',scope='station_wide')",Private
Q-00685,"activate_protocol(protocol_id='MASA-SEC-002',scope='station_wide')",Public
Q-01861,"calculate_trajectory(maneuver='debris_avoidance',urgency='immediate')",Public
Q-01742,"request_supply(category='equipment',urgency='expedited')",Public
Q-03261,"request_supply(category='food',urgency='expedited')",Private
Q-02288,"activate_protocol(protocol_id='MASA-SEC-003',scope='module_only')",Public
Q-02307,"schedule_maintenance(module='jaguar',task='hull_inspection',priority='urgent')",Public
Q-03538,no_action,Private
Q-03509,"activate_protocol(protocol_id='MASA-SEC-015',scope='station_wide')",Private
Q-01037,"request_supply(category='scientific',urgency='emergency')",Public
Q-03501,"send_alert(module='vicuna',severity='high',reason='structural_damage')",Private
Q-01652,"send_message(recipient='medical_officer',priority='medium')",Public
Q-03335,"schedule_maintenance(module='quetzal',task='software_update',priority='urgent')",Private
Q-00703,"get_module_status(module='vicuna',system='structural')",Public
Q-03253,"activate_protocol(protocol_id='MASA-SEC-012',scope='station_wide')",Private
Q-03499,"send_alert(module='colibri',severity='medium',reason='power_fluctuation')",Private
Q-01233,"schedule_maintenance(module='jaguar',task='system_calibration',priority='urgent')",Public
Q-03425,"get_telemetry(module='tucan',metric='radiation',timeframe_hours=24)",Private
Q-03403,"activate_protocol(protocol_id='MASA-SEC-001',scope='station_wide')",Private
Q-03439,"activate_protocol(protocol_id='MASA-SEC-008',scope='module_only')",Private
Q-03518,no_action,Private
Q-03372,"request_supply(category='medical',urgency='expedited')",Private
Q-01055,"activate_protocol(protocol_id='MASA-SEC-002',scope='station_wide')",Public
Q-03273,"schedule_maintenance(module='colibri',task='power_cell_swap',priority='urgent')",Private
Q-03067,"schedule_maintenance(module='condor',task='power_cell_swap',priority='urgent')",Public
Q-00161,"activate_protocol(protocol_id='MASA-SEC-003',scope='module_only')",Public
Q-03197,"get_telemetry(module='colibri',metric='power',timeframe_hours=24)",Public
Q-03321,"send_alert(module='colibri',severity='medium',reason='radiation_spike')",Private
Q-03299,"send_alert(module='jaguar',severity='critical',reason='pressure_drop')",Private
Q-03102,"control_system(module='tucan',system='cooling',action='activate')",Public
Q-03351,"activate_protocol(protocol_id='MASA-SEC-004',scope='station_wide')",Private
Q-01163,"send_message(recipient='specialist_1',priority='urgent')",Public
Q-00224,"activate_protocol(protocol_id='MASA-SEC-009',scope='module_only')",Public
Q-03429,"activate_protocol(protocol_id='MASA-SEC-018',scope='module_only')",Private
Q-03502,"send_alert(module='condor',severity='critical',reason='oxygen_leak')",Private
Q-01246,"send_alert(module='condor',severity='high',reason='pressure_drop')",Public
Q-03448,"activate_protocol(protocol_id='MASA-SEC-003',scope='module_only')",Private
Q-02884,no_action,Public
Q-02608,"send_alert(module='jaguar',severity='high',reason='structural_damage')",Public
Q-03252,"request_supply(category='medical',urgency='expedited')",Private
Q-03319,"activate_protocol(protocol_id='MASA-SEC-001',scope='station_wide')",Private
Q-03107,"calculate_trajectory(maneuver='orbit_adjustment',urgency='planned')",Public
Q-02298,"activate_protocol(protocol_id='MASA-SEC-008',scope='module_only')",Public
Q-00982,"calculate_trajectory(maneuver='station_keeping',urgency='planned')",Public
Q-03388,"activate_protocol(protocol_id='MASA-SEC-001',scope='station_wide')",Private
Q-00077,"send_alert(module='tucan',severity='high',reason='pressure_drop')",Public
Q-00259,"send_alert(module='vicuna',severity='high',reason='structural_damage')",Public
Q-02570,"send_message(recipient='pilot',priority='medium')",Public
Q-02520,"send_alert(module='condor',severity='critical',reason='oxygen_leak')",Public
Q-03343,"activate_protocol(protocol_id='MASA-SEC-001',scope='station_wide')",Private
Q-00665,"activate_protocol(protocol_id='MASA-SEC-011',scope='module_only')",Public
Q-03015,no_action,Public
Q-01112,no_action,Public
Q-00483,"activate_protocol(protocol_id='MASA-SEC-017',scope='module_only')",Public
Q-03281,"send_message(recipient='specialist_2',priority='medium')",Private
Q-03427,"activate_protocol(protocol_id='MASA-SEC-010',scope='module_only')",Private
Q-03435,"send_alert(module='colibri',severity='high',reason='radiation_spike')",Private
Q-03360,"send_alert(module='colibri',severity='critical',reason='oxygen_leak')",Private
Q-02880,no_action,Public
Q-03224,"get_module_status(module='vicuna',system='structural')",Public
Q-03289,"control_system(module='condor',system='ventilation',action='decrease')",Private
Q-00707,"activate_protocol(protocol_id='MASA-SEC-010',scope='module_only')",Public
Q-03266,"activate_protocol(protocol_id='MASA-SEC-002',scope='station_wide')",Private
Q-03414,"activate_protocol(protocol_id='MASA-SEC-012',scope='station_wide')",Private
Q-03373,"send_alert(module='jaguar',severity='critical',reason='radiation_spike')",Private
Q-00450,"send_alert(module='quetzal',severity='high',reason='structural_damage')",Public
Q-01582,"calculate_trajectory(maneuver='debris_avoidance',urgency='immediate')",Public
Q-03421,"schedule_maintenance(module='condor',task='hull_inspection',priority='urgent')",Private
Q-00792,"send_alert(module='colibri',severity='high',reason='structural_damage')",Public
Q-00103,"activate_protocol(protocol_id='MASA-SEC-002',scope='station_wide')",Public
Q-00640,"control_system(module='condor',system='heating',action='deactivate')",Public
Q-02789,no_action,Public
Q-00251,"send_alert(module='condor',severity='critical',reason='radiation_spike')",Public
Q-03522,no_action,Private
Q-03257,"calculate_trajectory(maneuver='station_keeping',urgency='planned')",Private
Q-03475,"activate_protocol(protocol_id='MASA-SEC-008',scope='module_only')",Private
Q-03393,"send_alert(module='jaguar',severity='critical',reason='power_fluctuation')",Private
Q-03474,"send_alert(module='condor',severity='high',reason='oxygen_leak')",Private
Q-03251,"send_alert(module='colibri',severity='high',reason='oxygen_leak')",Private
Q-02305,"send_alert(module='colibri',severity='critical',reason='oxygen_leak')",Public
Q-03340,"send_alert(module='jaguar',severity='medium',reason='power_fluctuation')",Private
Q-00831,"send_alert(module='condor',severity='high',reason='radiation_spike')",Public
Q-00398,"control_system(module='tucan',system='ventilation',action='increase')",Public
Q-03305,"get_crew_status(module='colibri',info='schedule')",Private
Q-01933,"activate_protocol(protocol_id='MASA-SEC-013',scope='module_only')",Public
Q-03438,"activate_protocol(protocol_id='MASA-SEC-011',scope='module_only')",Private
Q-02920,no_action,Public
Q-03420,"get_module_status(module='colibri',system='communications')",Private
Q-00014,"activate_protocol(protocol_id='MASA-SEC-012',scope='station_wide')",Public
Q-00435,"control_system(module='tucan',system='ventilation',action='decrease')",Public
Q-02729,"get_crew_status(module='tucan',info='health')",Public
Q-03546,"get_telemetry(module='quetzal',metric='radiation',timeframe_hours=6)",Private
Q-01906,"activate_protocol(protocol_id='MASA-SEC-001',scope='station_wide')",Public
Q-02400,"send_alert(module='colibri',severity='high',reason='pressure_drop')",Public
Q-01596,"activate_protocol(protocol_id='MASA-SEC-003',scope='module_only')",Public
Q-03526,no_action,Private
Q-03339,"activate_protocol(protocol_id='MASA-SEC-018',scope='module_only')",Private
Q-00386,"activate_protocol(protocol_id='MASA-SEC-011',scope='module_only')",Public
Q-01253,"send_alert(module='jaguar',severity='critical',reason='oxygen_leak')",Public
Q-03412,"activate_protocol(protocol_id='MASA-SEC-011',scope='module_only')",Private
Q-03148,"calculate_trajectory(maneuver='docking',urgency='planned')",Public
Q-03496,"send_alert(module='colibri',severity='high',reason='communication_loss')",Private
Q-03348,"activate_protocol(protocol_id='MASA-SEC-001',scope='station_wide')",Private
Q-03223,"request_supply(category='food',urgency='emergency')",Public
Q-00057,"send_alert(module='vicuna',severity='critical',reason='radiation_spike')",Public
Q-01122,"control_system(module='colibri',system='lighting',action='increase')",Public
Q-03054,"control_system(module='condor',system='filtration',action='activate')",Public
Q-00935,"activate_protocol(protocol_id='MASA-SEC-017',scope='module_only')",Public
Q-01731,"send_alert(module='jaguar',severity='critical',reason='oxygen_leak')",Public
Q-03562,"request_supply(category='food',urgency='emergency')",Private
Q-02306,"send_alert(module='jaguar',severity='critical',reason='abnormal_temperature')",Public
Q-01578,"request_supply(category='spare_parts',urgency='routine')",Public
Q-02398,"send_alert(module='colibri',severity='critical',reason='pressure_drop')",Public
Q-01162,"activate_protocol(protocol_id='MASA-SEC-017',scope='module_only')",Public
Q-03382,"activate_protocol(protocol_id='MASA-SEC-011',scope='module_only')",Private
Q-03479,"activate_protocol(protocol_id='MASA-SEC-010',scope='module_only')",Private
Q-03355,"send_alert(module='quetzal',severity='critical',reason='pressure_drop')",Private
Q-03415,"control_system(module='jaguar',system='lighting',action='activate')",Private
Q-03304,"control_system(module='condor',system='lighting',action='increase')",Private
Q-01383,"send_message(recipient='all_crew',priority='urgent')",Public
Q-03437,"get_telemetry(module='colibri',metric='humidity',timeframe_hours=24)",Private
Q-03489,"activate_protocol(protocol_id='MASA-SEC-002',scope='station_wide')",Private
Q-03370,"get_crew_status(module='condor',info='health')",Private
Q-01249,"activate_protocol(protocol_id='MASA-SEC-010',scope='module_only')",Public
Q-03248,"send_alert(module='colibri',severity='high',reason='radiation_spike')",Private
Q-03386,"activate_protocol(protocol_id='MASA-SEC-009',scope='module_only')",Private
Q-03155,"request_supply(category='fuel',urgency='emergency')",Public
Q-03208,"control_system(module='quetzal',system='filtration',action='activate')",Public
Q-00938,"activate_protocol(protocol_id='MASA-SEC-004',scope='station_wide')",Public
Q-03446,"send_alert(module='colibri',severity='critical',reason='radiation_spike')",Private
Q-02696,"activate_protocol(protocol_id='MASA-SEC-012',scope='station_wide')",Public
Q-01794,"send_alert(module='jaguar',severity='critical',reason='radiation_spike')",Public
Q-03507,"send_alert(module='quetzal',severity='critical',reason='abnormal_temperature')",Private
Q-01575,"get_telemetry(module='tucan',metric='power',timeframe_hours=1)",Public
Q-01004,"activate_protocol(protocol_id='MASA-SEC-002',scope='station_wide')",Public
Q-03545,"request_supply(category='medical',urgency='expedited')",Private
Q-03138,"schedule_maintenance(module='tucan',task='sensor_repair',priority='urgent')",Public
Q-02167,"send_alert(module='condor',severity='medium',reason='power_fluctuation')",Public
Q-02777,no_action,Public
Q-03323,"activate_protocol(protocol_id='MASA-SEC-018',scope='module_only')",Private
Q-01728,"send_alert(module='tucan',severity='high',reason='structural_damage')",Public
Q-00664,"get_crew_status(module='colibri',info='current_activity')",Public
Q-00252,"activate_protocol(protocol_id='MASA-SEC-006',scope='station_wide')",Public
Q-03316,"send_alert(module='tucan',severity='high',reason='structural_damage')",Private
Q-03422,"send_alert(module='condor',severity='high',reason='radiation_spike')",Private
Q-03272,"activate_protocol(protocol_id='MASA-SEC-001',scope='station_wide')",Private
Q-03264,"activate_protocol(protocol_id='MASA-SEC-004',scope='station_wide')",Private
Q-03267,no_action,Private
Q-03408,"send_alert(module='quetzal',severity='high',reason='pressure_drop')",Private
Q-00294,"send_alert(module='jaguar',severity='critical',reason='abnormal_temperature')",Public
Q-03130,"get_module_status(module='jaguar',system='life_support')",Public
Q-02130,"get_crew_status(module='condor',info='schedule')",Public
Q-03004,no_action,Public
Q-01738,"control_system(module='colibri',system='ventilation',action='increase')",Public
Q-03409,"request_supply(category='food',urgency='routine')",Private
Q-03544,no_action,Private
Q-03337,"activate_protocol(protocol_id='MASA-SEC-014',scope='station_wide')",Private
Q-03407,no_action,Private
Q-03160,"request_supply(category='scientific',urgency='routine')",Public
Q-03459,"activate_protocol(protocol_id='MASA-SEC-009',scope='module_only')",Private
Q-01353,"schedule_maintenance(module='condor',task='hull_inspection',priority='routine')",Public
Q-00828,"send_alert(module='quetzal',severity='critical',reason='abnormal_temperature')",Public
Q-02899,no_action,Public
Q-03395,"activate_protocol(protocol_id='MASA-SEC-017',scope='module_only')",Private
Q-00062,"activate_protocol(protocol_id='MASA-SEC-012',scope='station_wide')",Public
Q-02197,"get_telemetry(module='vicuna',metric='radiation',timeframe_hours=12)",Public
Q-00876,"activate_protocol(protocol_id='MASA-SEC-017',scope='module_only')",Public
Q-02746,"activate_protocol(protocol_id='MASA-SEC-010',scope='module_only')",Public
Q-01702,"schedule_maintenance(module='jaguar',task='filter_replacement',priority='routine')",Public
Q-02374,"send_alert(module='colibri',severity='critical',reason='oxygen_leak')",Public
Q-01138,"send_alert(module='condor',severity='high',reason='oxygen_leak')",Public
Q-03329,"send_alert(module='tucan',severity='high',reason='structural_damage')",Private
Q-03326,"request_supply(category='fuel',urgency='emergency')",Private
Q-00433,"activate_protocol(protocol_id='MASA-SEC-008',scope='module_only')",Public
Q-03290,"activate_protocol(protocol_id='MASA-SEC-011',scope='module_only')",Private
Q-03331,"activate_protocol(protocol_id='MASA-SEC-004',scope='station_wide')",Private
Q-03482,"activate_protocol(protocol_id='MASA-SEC-012',scope='station_wide')",Private
Q-03532,no_action,Private
Q-00045,"send_alert(module='condor',severity='high',reason='pressure_drop')",Public
Q-00588,"activate_protocol(protocol_id='MASA-SEC-002',scope='station_wide')",Public
Q-03524,no_action,Private
Q-03286,"send_alert(module='tucan',severity='medium',reason='power_fluctuation')",Private
Q-02619,"send_alert(module='tucan',severity='high',reason='structural_damage')",Public
Q-01165,"get_telemetry(module='tucan',metric='radiation',timeframe_hours=1)",Public
Q-03357,"send_alert(module='jaguar',severity='high',reason='radiation_spike')",Private
Q-02731,"activate_protocol(protocol_id='MASA-SEC-003',scope='module_only')",Public
Q-02940,no_action,Public
Q-01128,"activate_protocol(protocol_id='MASA-SEC-018',scope='module_only')",Public
Q-03307,"send_alert(module='colibri',severity='critical',reason='oxygen_leak')",Private
Q-00967,"activate_protocol(protocol_id='MASA-SEC-012',scope='station_wide')",Public
Q-00254,"activate_protocol(protocol_id='MASA-SEC-008',scope='module_only')",Public
Q-03413,"activate_protocol(protocol_id='MASA-SEC-008',scope='module_only')",Private
Q-03383,"activate_protocol(protocol_id='MASA-SEC-003',scope='module_only')",Private
Q-03450,"activate_protocol(protocol_id='MASA-SEC-003',scope='module_only')",Private
Q-00245,"schedule_maintenance(module='jaguar',task='sensor_repair',priority='routine')",Public
Q-02249,"request_supply(category='spare_parts',urgency='emergency')",Public
Q-01588,"send_alert(module='quetzal',severity='high',reason='pressure_drop')",Public
Q-00197,"send_alert(module='colibri',severity='high',reason='pressure_drop')",Public
Q-02010,"activate_protocol(protocol_id='MASA-SEC-018',scope='module_only')",Public
Q-03365,"activate_protocol(protocol_id='MASA-SEC-003',scope='module_only')",Private
Q-03406,"send_alert(module='vicuna',severity='high',reason='structural_damage')",Private
Q-00644,"send_alert(module='quetzal',severity='high',reason='oxygen_leak')",Public
Q-02967,no_action,Public
Q-03310,"get_telemetry(module='colibri',metric='power',timeframe_hours=6)",Private
Q-02403,"get_telemetry(module='colibri',metric='temperature',timeframe_hours=1)",Public
Q-02005,"get_module_status(module='jaguar',system='life_support')",Public
Q-00175,"activate_protocol(protocol_id='MASA-SEC-018',scope='module_only')",Public
Q-02402,"activate_protocol(protocol_id='MASA-SEC-002',scope='station_wide')",Public
Q-01804,"activate_protocol(protocol_id='MASA-SEC-011',scope='module_only')",Public
Q-01203,"activate_protocol(protocol_id='MASA-SEC-012',scope='station_wide')",Public
Q-02875,no_action,Public
Q-02897,no_action,Public
Q-01460,"send_alert(module='tucan',severity='high',reason='oxygen_leak')",Public
Q-00370,"activate_protocol(protocol_id='MASA-SEC-010',scope='module_only')",Public
Q-03494,"send_alert(module='tucan',severity='critical',reason='pressure_drop')",Private
Q-03483,"activate_protocol(protocol_id='MASA-SEC-003',scope='module_only')",Private
Q-03452,"activate_protocol(protocol_id='MASA-SEC-017',scope='module_only')",Private
Q-03369,"activate_protocol(protocol_id='MASA-SEC-004',scope='station_wide')",Private
Q-00947,"schedule_maintenance(module='jaguar',task='software_update',priority='routine')",Public
Q-03192,"control_system(module='tucan',system='cooling',action='activate')",Public
Q-03495,"control_system(module='tucan',system='filtration',action='increase')",Private
Q-03317,"get_crew_status(module='condor',info='health')",Private
Q-02390,"get_telemetry(module='jaguar',metric='oxygen',timeframe_hours=12)",Public
Q-03430,"activate_protocol(protocol_id='MASA-SEC-017',scope='module_only')",Private
Q-03554,"schedule_maintenance(module='colibri',task='software_update',priority='routine')",Private
Q-03297,"send_alert(module='colibri',severity='medium',reason='radiation_spike')",Private
Q-03231,"control_system(module='jaguar',system='cooling',action='increase')",Public
Q-03023,no_action,Public
Q-02871,no_action,Public
Q-03278,"send_alert(module='vicuna',severity='medium',reason='power_fluctuation')",Private
Q-03250,"send_message(recipient='specialist_2',priority='urgent')",Private
Q-03477,"control_system(module='condor',system='cooling',action='deactivate')",Private
Q-02063,"activate_protocol(protocol_id='MASA-SEC-003',scope='module_only')",Public
Q-00006,"activate_protocol(protocol_id='MASA-SEC-001',scope='station_wide')",Public
Q-03465,"activate_protocol(protocol_id='MASA-SEC-015',scope='station_wide')",Private
Q-00406,"activate_protocol(protocol_id='MASA-SEC-004',scope='station_wide')",Public
Q-01131,"send_alert(module='quetzal',severity='high',reason='oxygen_leak')",Public
Q-03284,"activate_protocol(protocol_id='MASA-SEC-001',scope='station_wide')",Private
Q-01133,"get_module_status(module='jaguar',system='communications')",Public
Q-03418,"send_alert(module='colibri',severity='critical',reason='radiation_spike')",Private
Q-03441,"send_message(recipient='medical_officer',priority='high')",Private
Q-03283,"send_alert(module='quetzal',severity='high',reason='pressure_drop')",Private
Q-03315,"activate_protocol(protocol_id='MASA-SEC-014',scope='station_wide')",Private
Q-01644,no_action,Public
Q-03400,"send_alert(module='jaguar',severity='critical',reason='oxygen_leak')",Private
Q-02799,no_action,Public
Q-03487,"send_alert(module='condor',severity='high',reason='radiation_spike')",Private
Q-01070,"send_alert(module='jaguar',severity='critical',reason='pressure_drop')",Public
Q-03334,"send_alert(module='vicuna',severity='medium',reason='power_fluctuation')",Private
Q-02812,no_action,Public
Q-00364,"send_message(recipient='commander',priority='urgent')",Public
Q-00405,"activate_protocol(protocol_id='MASA-SEC-010',scope='module_only')",Public
Q-03548,"calculate_trajectory(maneuver='orbit_adjustment',urgency='planned')",Private
Q-00541,"send_alert(module='quetzal',severity='medium',reason='radiation_spike')",Public
Q-01872,"send_message(recipient='commander',priority='low')",Public
Q-01045,"activate_protocol(protocol_id='MASA-SEC-004',scope='station_wide')",Public
Q-01040,"get_telemetry(module='colibri',metric='oxygen',timeframe_hours=6)",Public
Q-03394,"activate_protocol(protocol_id='MASA-SEC-011',scope='module_only')",Private
Q-02414,"send_message(recipient='engineer',priority='low')",Public
Q-03460,"activate_protocol(protocol_id='MASA-SEC-008',scope='module_only')",Private
Q-03309,"send_alert(module='quetzal',severity='high',reason='oxygen_leak')",Private
Q-01932,"control_system(module='colibri',system='lighting',action='activate')",Public
Q-03021,no_action,Public
Q-03380,"send_message(recipient='pilot',priority='medium')",Private
Q-03484,"send_alert(module='vicuna',severity='critical',reason='oxygen_leak')",Private
Q-00584,"activate_protocol(protocol_id='MASA-SEC-011',scope='module_only')",Public
Q-03324,"control_system(module='vicuna',system='lighting',action='deactivate')",Private
Q-03488,"send_alert(module='vicuna',severity='critical',reason='radiation_spike')",Private
Q-02290,"activate_protocol(protocol_id='MASA-SEC-009',scope='module_only')",Public
Q-01071,"activate_protocol(protocol_id='MASA-SEC-018',scope='module_only')",Public
Q-03453,"get_telemetry(module='vicuna',metric='humidity',timeframe_hours=1)",Private
Q-01101,"activate_protocol(protocol_id='MASA-SEC-018',scope='module_only')",Public
Q-02648,"send_alert(module='jaguar',severity='high',reason='structural_damage')",Public
Q-01048,"request_supply(category='scientific',urgency='emergency')",Public
Q-03540,no_action,Private
Q-03396,"schedule_maintenance(module='colibri',task='power_cell_swap',priority='routine')",Private
Q-01390,"activate_protocol(protocol_id='MASA-SEC-008',scope='module_only')",Public
Q-03553,"calculate_trajectory(maneuver='orbit_adjustment',urgency='immediate')",Private
Q-01765,"control_system(module='vicuna',system='heating',action='deactivate')",Public
Q-03361,"send_alert(module='colibri',severity='high',reason='communication_loss')",Private
Q-02952,no_action,Public
Q-01915,"send_alert(module='colibri',severity='high',reason='pressure_drop')",Public
Q-01704,"activate_protocol(protocol_id='MASA-SEC-001',scope='station_wide')",Public
Q-03397,"get_module_status(module='colibri',system='life_support')",Private
Q-00663,"send_message(recipient='specialist_1',priority='low')",Public
Q-03333,"activate_protocol(protocol_id='MASA-SEC-009',scope='module_only')",Private
Q-03497,"control_system(module='quetzal',system='cooling',action='deactivate')",Private
Q-02636,"send_alert(module='condor',severity='high',reason='pressure_drop')",Public
Q-01931,"send_alert(module='condor',severity='critical',reason='oxygen_leak')",Public
Q-00015,"activate_protocol(protocol_id='MASA-SEC-002',scope='station_wide')",Public
Q-01789,"send_alert(module='colibri',severity='medium',reason='power_fluctuation')",Public
Q-03024,no_action,Public
Q-03053,"get_module_status(module='condor',system='power')",Public
Q-00446,"control_system(module='tucan',system='lighting',action='decrease')",Public
Q-02014,"activate_protocol(protocol_id='MASA-SEC-001',scope='station_wide')",Public
Q-03040,no_action,Public
Q-03308,"calculate_trajectory(maneuver='debris_avoidance',urgency='immediate')",Private
Q-03514,no_action,Private
Q-03302,"send_alert(module='condor',severity='critical',reason='abnormal_temperature')",Private
Q-03440,"get_crew_status(module='tucan',info='schedule')",Private
Q-00682,"activate_protocol(protocol_id='MASA-SEC-009',scope='module_only')",Public
Q-02506,"send_alert(module='quetzal',severity='high',reason='pressure_drop')",Public
Q-02312,"send_alert(module='quetzal',severity='medium',reason='power_fluctuation')",Public
Q-03512,no_action,Private
Q-00754,"schedule_maintenance(module='condor',task='filter_replacement',priority='urgent')",Public
Q-00781,"send_alert(module='quetzal',severity='high',reason='pressure_drop')",Public
Q-03195,"control_system(module='jaguar',system='cooling',action='increase')",Public
Q-01154,"send_alert(module='jaguar',severity='critical',reason='pressure_drop')",Public
Q-02455,"send_alert(module='tucan',severity='high',reason='radiation_spike')",Public
Q-03362,"send_alert(module='tucan',severity='medium',reason='power_fluctuation')",Private
Q-03364,"activate_protocol(protocol_id='MASA-SEC-011',scope='module_only')",Private
Q-03525,no_action,Private
Q-01456,"send_alert(module='colibri',severity='medium',reason='power_fluctuation')",Public
Q-02040,"activate_protocol(protocol_id='MASA-SEC-010',scope='module_only')",Public
Q-03447,"control_system(module='quetzal',system='lighting',action='deactivate')",Private
Q-03085,"control_system(module='vicuna',system='ventilation',action='increase')",Public
Q-00895,"get_telemetry(module='condor',metric='oxygen',timeframe_hours=12)",Public
Q-03147,"schedule_maintenance(module='colibri',task='system_calibration',priority='urgent')",Public
Q-02423,"activate_protocol(protocol_id='MASA-SEC-017',scope='module_only')",Public
Q-01067,"send_alert(module='vicuna',severity='high',reason='radiation_spike')",Public
Q-03469,"calculate_trajectory(maneuver='docking',urgency='immediate')",Private
Q-03431,"send_alert(module='vicuna',severity='high',reason='oxygen_leak')",Private
Q-00345,"activate_protocol(protocol_id='MASA-SEC-008',scope='module_only')",Public
Q-01605,"send_message(recipient='medical_officer',priority='high')",Public
Q-02180,"get_crew_status(module='tucan',info='location')",Public
Q-02512,"control_system(module='quetzal',system='heating',action='activate')",Public
Q-02612,"send_alert(module='quetzal',severity='high',reason='radiation_spike')",Public
Q-00132,"activate_protocol(protocol_id='MASA-SEC-007',scope='station_wide')",Public
Q-00415,"send_alert(module='condor',severity='high',reason='oxygen_leak')",Public
Q-00105,"get_telemetry(module='jaguar',metric='humidity',timeframe_hours=6)",Public
Q-01028,"send_alert(module='colibri',severity='medium',reason='power_fluctuation')",Public
Q-03296,"activate_protocol(protocol_id='MASA-SEC-001',scope='station_wide')",Private
Q-02849,no_action,Public
Q-03442,"get_crew_status(module='tucan',info='health')",Private
Q-03288,"send_alert(module='quetzal',severity='critical',reason='radiation_spike')",Private
Q-03490,"activate_protocol(protocol_id='MASA-SEC-009',scope='module_only')",Private
Q-01923,"send_alert(module='colibri',severity='critical',reason='pressure_drop')",Public
Q-02751,"get_telemetry(module='colibri',metric='pressure',timeframe_hours=6)",Public
Q-03384,"send_alert(module='vicuna',severity='high',reason='pressure_drop')",Private
Q-03500,"send_alert(module='jaguar',severity='medium',reason='power_fluctuation')",Private
Q-02945,no_action,Public
Q-03511,"send_alert(module='quetzal',severity='high',reason='structural_damage')",Private
Q-02018,"get_module_status(module='jaguar',system='thermal')",Public
Q-00432,"activate_protocol(protocol_id='MASA-SEC-018',scope='module_only')",Public
Q-03336,"control_system(module='jaguar',system='heating',action='activate')",Private
Q-03480,"get_module_status(module='condor',system='structural')",Private
Q-03282,"send_alert(module='vicuna',severity='critical',reason='abnormal_temperature')",Private
Q-00677,"activate_protocol(protocol_id='MASA-SEC-012',scope='station_wide')",Public
Q-01992,"get_crew_status(module='vicuna',info='health')",Public
Q-02615,"request_supply(category='food',urgency='expedited')",Public
Q-01469,"send_alert(module='colibri',severity='high',reason='communication_loss')",Public
Q-03428,"send_alert(module='tucan',severity='critical',reason='pressure_drop')",Private
Q-00255,"send_alert(module='colibri',severity='high',reason='pressure_drop')",Public
Q-01945,"send_alert(module='vicuna',severity='critical',reason='pressure_drop')",Public
Q-00548,"get_module_status(module='vicuna',system='life_support')",Public
Q-03504,"request_supply(category='medical',urgency='routine')",Private
Q-01480,"schedule_maintenance(module='vicuna',task='sensor_repair',priority='urgent')",Public
Q-02965,no_action,Public
Q-02996,no_action,Public
Q-01944,"activate_protocol(protocol_id='MASA-SEC-013',scope='module_only')",Public
Q-02822,no_action,Public
Q-02216,"send_alert(module='quetzal',severity='critical',reason='oxygen_leak')",Public
Q-00387,"send_alert(module='vicuna',severity='high',reason='pressure_drop')",Public
Q-00861,"send_alert(module='quetzal',severity='high',reason='pressure_drop')",Public
Q-03516,no_action,Private
Q-00690,"activate_protocol(protocol_id='MASA-SEC-009',scope='module_only')",Public
Q-01026,"send_alert(module='tucan',severity='high',reason='structural_damage')",Public
Q-03187,"calculate_trajectory(maneuver='orbit_adjustment',urgency='immediate')",Public
Q-02916,no_action,Public
Q-00117,"request_supply(category='food',urgency='emergency')",Public
Q-03443,"send_alert(module='condor',severity='medium',reason='power_fluctuation')",Private
Q-03262,"activate_protocol(protocol_id='MASA-SEC-010',scope='module_only')",Private
Q-00229,"activate_protocol(protocol_id='MASA-SEC-012',scope='station_wide')",Public
Q-03146,"control_system(module='jaguar',system='ventilation',action='increase')",Public
Q-01020,"activate_protocol(protocol_id='MASA-SEC-001',scope='station_wide')",Public
Q-03256,"send_alert(module='jaguar',severity='medium',reason='power_fluctuation')",Private
Q-00044,"send_alert(module='colibri',severity='high',reason='pressure_drop')",Public
Q-02304,"send_alert(module='jaguar',severity='high',reason='oxygen_leak')",Public
Q-00536,no_action,Public
Q-00022,"calculate_trajectory(maneuver='debris_avoidance',urgency='planned')",Public
Q-03303,"activate_protocol(protocol_id='MASA-SEC-008',scope='module_only')",Private
Q-01810,"send_alert(module='jaguar',severity='high',reason='oxygen_leak')",Public
Q-01984,"activate_protocol(protocol_id='MASA-SEC-004',scope='station_wide')",Public
Q-03314,"activate_protocol(protocol_id='MASA-SEC-001',scope='station_wide')",Private
Q-02166,"send_alert(module='colibri',severity='critical',reason='radiation_spike')",Public
Q-01792,"send_alert(module='colibri',severity='critical',reason='abnormal_temperature')",Public
Q-03157,"control_system(module='condor',system='filtration',action='activate')",Public
Q-00507,"calculate_trajectory(maneuver='debris_avoidance',urgency='planned')",Public
Q-01737,"activate_protocol(protocol_id='MASA-SEC-017',scope='module_only')",Public
Q-01882,"send_message(recipient='engineer',priority='urgent')",Public
Q-03258,"get_module_status(module='tucan',system='thermal')",Private
Q-03356,"send_alert(module='colibri',severity='critical',reason='pressure_drop')",Private
Q-03210,"calculate_trajectory(maneuver='orbit_adjustment',urgency='planned')",Public
Q-00725,"activate_protocol(protocol_id='MASA-SEC-010',scope='module_only')",Public
Q-01805,"schedule_maintenance(module='colibri',task='software_update',priority='urgent')",Public
Q-03463,no_action,Private
Q-02383,"send_alert(module='condor',severity='high',reason='radiation_spike')",Public
Q-03294,"get_module_status(module='jaguar',system='life_support')",Private
Q-02855,no_action,Public
Q-03473,"get_telemetry(module='tucan',metric='power',timeframe_hours=12)",Private
Q-00669,"activate_protocol(protocol_id='MASA-SEC-015',scope='station_wide')",Public
Q-02234,"send_alert(module='jaguar',severity='high',reason='pressure_drop')",Public
Q-03523,no_action,Private
Q-02861,no_action,Public
Q-03416,"activate_protocol(protocol_id='MASA-SEC-002',scope='station_wide')",Private
Q-00199,"send_alert(module='tucan',severity='critical',reason='abnormal_temperature')",Public
Q-03076,"get_telemetry(module='quetzal',metric='radiation',timeframe_hours=6)",Public
Q-01440,"send_alert(module='condor',severity='critical',reason='oxygen_leak')",Public
Q-01554,"activate_protocol(protocol_id='MASA-SEC-001',scope='station_wide')",Public
Q-03486,"send_alert(module='quetzal',severity='high',reason='structural_damage')",Private
Q-03259,"send_message(recipient='pilot',priority='urgent')",Private
Q-00865,"activate_protocol(protocol_id='MASA-SEC-018',scope='module_only')",Public
Q-00858,"activate_protocol(protocol_id='MASA-SEC-008',scope='module_only')",Public
Q-03255,"get_telemetry(module='condor',metric='power',timeframe_hours=12)",Private
Q-03293,"activate_protocol(protocol_id='MASA-SEC-001',scope='station_wide')",Private
Q-01030,"schedule_maintenance(module='tucan',task='sensor_repair',priority='routine')",Public
Q-00063,"send_alert(module='vicuna',severity='critical',reason='oxygen_leak')",Public
Q-01300,"activate_protocol(protocol_id='MASA-SEC-008',scope='module_only')",Public
Q-01917,"get_telemetry(module='condor',metric='temperature',timeframe_hours=24)",Public
Q-03105,"calculate_trajectory(maneuver='orbit_adjustment',urgency='planned')",Public
Q-03338,"get_crew_status(module='quetzal',info='current_activity')",Private
Q-00276,"send_alert(module='condor',severity='critical',reason='power_fluctuation')",Public
Q-00740,"send_alert(module='jaguar',severity='critical',reason='abnormal_temperature')",Public
Q-02318,"activate_protocol(protocol_id='MASA-SEC-002',scope='station_wide')",Public
Q-03233,"request_supply(category='scientific',urgency='routine')",Public
Q-03458,"request_supply(category='fuel',urgency='emergency')",Private
Q-00054,no_action,Public
Q-02192,"control_system(module='jaguar',system='cooling',action='activate')",Public
Q-01069,"get_crew_status(module='quetzal',info='health')",Public
Q-03269,"activate_protocol(protocol_id='MASA-SEC-011',scope='module_only')",Private
Q-03389,"send_alert(module='vicuna',severity='critical',reason='pressure_drop')",Private
Q-03379,"activate_protocol(protocol_id='MASA-SEC-018',scope='module_only')",Private
Q-00021,"get_crew_status(module='tucan',info='current_activity')",Public
Q-03426,"send_alert(module='jaguar',severity='critical',reason='radiation_spike')",Private
Q-01559,"send_alert(module='colibri',severity='high',reason='communication_loss')",Public
Q-03003,no_action,Public
Q-03564,"control_system(module='jaguar',system='cooling',action='activate')",Private
Q-03276,"send_message(recipient='medical_officer',priority='high')",Private
Q-00414,"activate_protocol(protocol_id='MASA-SEC-008',scope='module_only')",Public
Q-03472,"send_alert(module='quetzal',severity='high',reason='oxygen_leak')",Private
Q-02100,"send_alert(module='colibri',severity='high',reason='oxygen_leak')",Public
Q-00716,"send_alert(module='jaguar',severity='critical',reason='pressure_drop')",Public
Q-01433,"get_crew_status(module='jaguar',info='health')",Public
Q-03498,"get_telemetry(module='vicuna',metric='oxygen',timeframe_hours=24)",Private
Q-02472,"activate_protocol(protocol_id='MASA-SEC-018',scope='module_only')",Public
Q-03328,"activate_protocol(protocol_id='MASA-SEC-017',scope='module_only')",Private
Q-02589,"activate_protocol(protocol_id='MASA-SEC-018',scope='module_only')",Public
Q-00643,"send_alert(module='quetzal',severity='critical',reason='radiation_spike')",Public
Q-02422,"send_message(recipient='specialist_1',priority='high')",Public
Q-00325,"activate_protocol(protocol_id='MASA-SEC-008',scope='module_only')",Public
Q-03539,no_action,Private
Q-03481,"activate_protocol(protocol_id='MASA-SEC-011',scope='module_only')",Private
Q-03556,"control_system(module='jaguar',system='ventilation',action='increase')",Private
Q-03291,"activate_protocol(protocol_id='MASA-SEC-018',scope='module_only')",Private
Q-01059,"activate_protocol(protocol_id='MASA-SEC-012',scope='station_wide')",Public
Q-00374,"activate_protocol(protocol_id='MASA-SEC-002',scope='station_wide')",Public
Q-03376,"activate_protocol(protocol_id='MASA-SEC-003',scope='module_only')",Private
Q-03566,"request_supply(category='fuel',urgency='expedited')",Private
Q-01848,"send_alert(module='condor',severity='critical',reason='abnormal_temperature')",Public
Q-03292,"activate_protocol(protocol_id='MASA-SEC-018',scope='module_only')",Private
Q-00225,"activate_protocol(protocol_id='MASA-SEC-004',scope='station_wide')",Public
Q-03311,"activate_protocol(protocol_id='MASA-SEC-011',scope='module_only')",Private
Q-03385,"get_telemetry(module='vicuna',metric='power',timeframe_hours=12)",Private
Q-03211,"control_system(module='condor',system='heating',action='activate')",Public
Q-03142,"request_supply(category='medical',urgency='expedited')",Public
Q-03325,"send_alert(module='quetzal',severity='high',reason='oxygen_leak')",Private
Q-03163,"get_module_status(module='quetzal',system='power')",Public
Q-03550,"control_system(module='tucan',system='cooling',action='activate')",Private
Q-03368,"calculate_trajectory(maneuver='debris_avoidance',urgency='planned')",Private
Q-03374,"activate_protocol(protocol_id='MASA-SEC-001',scope='station_wide')",Private
Q-02431,"control_system(module='jaguar',system='filtration',action='deactivate')",Public
Q-00486,"activate_protocol(protocol_id='MASA-SEC-003',scope='module_only')",Public
Q-03391,"activate_protocol(protocol_id='MASA-SEC-012',scope='station_wide')",Private
Q-03401,"get_module_status(module='jaguar',system='power')",Private
Q-00930,no_action,Public
Q-00539,"send_alert(module='jaguar',severity='high',reason='oxygen_leak')",Public
Q-00698,"get_module_status(module='condor',system='life_support')",Public
Q-00623,"activate_protocol(protocol_id='MASA-SEC-018',scope='module_only')",Public
Q-00313,"send_alert(module='condor',severity='high',reason='oxygen_leak')",Public
Q-03275,"send_alert(module='colibri',severity='critical',reason='abnormal_temperature')",Private
Q-03549,"control_system(module='condor',system='lighting',action='deactivate')",Private
Q-01260,"get_telemetry(module='jaguar',metric='oxygen',timeframe_hours=1)",Public
Q-03046,"calculate_trajectory(maneuver='orbit_adjustment',urgency='planned')",Public
Q-03332,"activate_protocol(protocol_id='MASA-SEC-001',scope='station_wide')",Private
Q-03254,"get_telemetry(module='jaguar',metric='humidity',timeframe_hours=12)",Private
Q-03092,"schedule_maintenance(module='jaguar',task='filter_replacement',priority='urgent')",Public
Q-00310,"send_message(recipient='all_crew',priority='medium')",Public
Q-03476,"schedule_maintenance(module='tucan',task='system_calibration',priority='urgent')",Private
Q-03349,"activate_protocol(protocol_id='MASA-SEC-018',scope='module_only')",Private
Q-01695,"calculate_trajectory(maneuver='debris_avoidance',urgency='immediate')",Public
Q-03506,"send_alert(module='condor',severity='medium',reason='power_fluctuation')",Private
Q-00917,"activate_protocol(protocol_id='MASA-SEC-002',scope='station_wide')",Public
Q-03535,no_action,Private
Q-03378,"send_message(recipient='medical_officer',priority='medium')",Private
Q-03503,"send_alert(module='jaguar',severity='critical',reason='power_fluctuation')",Private
Q-00488,"send_alert(module='condor',severity='critical',reason='radiation_spike')",Public
Q-01747,"get_module_status(module='colibri',system='communications')",Public
Q-00025,"activate_protocol(protocol_id='MASA-SEC-015',scope='station_wide')",Public
Q-00827,"send_alert(module='quetzal',severity='high',reason='oxygen_leak')",Public
Q-00958,"get_telemetry(module='quetzal',metric='power',timeframe_hours=24)",Public
Q-02500,"activate_protocol(protocol_id='MASA-SEC-018',scope='module_only')",Public
Q-01535,"calculate_trajectory(maneuver='station_keeping',urgency='planned')",Public
Q-03279,"send_alert(module='condor',severity='medium',reason='power_fluctuation')",Private
Q-01868,"get_crew_status(module='jaguar',info='current_activity')",Public
Q-03377,"request_supply(category='spare_parts',urgency='expedited')",Private
Q-02195,"send_alert(module='quetzal',severity='high',reason='pressure_drop')",Public
Q-00776,"control_system(module='quetzal',system='cooling',action='activate')",Public
Q-03520,no_action,Private
Q-01769,"activate_protocol(protocol_id='MASA-SEC-003',scope='module_only')",Public
Q-01011,"activate_protocol(protocol_id='MASA-SEC-010',scope='module_only')",Public
Q-03097,"control_system(module='tucan',system='heating',action='activate')",Public
Q-03345,"activate_protocol(protocol_id='MASA-SEC-004',scope='station_wide')",Private
Q-02055,"activate_protocol(protocol_id='MASA-SEC-007',scope='station_wide')",Public
Q-03285,"request_supply(category='medical',urgency='expedited')",Private
Q-01692,"activate_protocol(protocol_id='MASA-SEC-003',scope='module_only')",Public
Q-00481,"get_crew_status(module='condor',info='health')",Public
Q-03387,no_action,Private
Q-02757,"control_system(module='condor',system='filtration',action='decrease')",Public
Q-01699,"calculate_trajectory(maneuver='docking',urgency='planned')",Public
Q-03327,"calculate_trajectory(maneuver='station_keeping',urgency='immediate')",Private
Q-03358,"activate_protocol(protocol_id='MASA-SEC-011',scope='module_only')",Private
Q-02533,"control_system(module='vicuna',system='cooling',action='activate')",Public
Q-03467,"activate_protocol(protocol_id='MASA-SEC-002',scope='station_wide')",Private
Q-01010,"send_alert(module='colibri',severity='medium',reason='power_fluctuation')",Public
Q-03468,"activate_protocol(protocol_id='MASA-SEC-007',scope='station_wide')",Private
Q-02862,no_action,Public
Q-01636,"get_telemetry(module='jaguar',metric='pressure',timeframe_hours=6)",Public
Q-02173,"activate_protocol(protocol_id='MASA-SEC-012',scope='station_wide')",Public
Q-03536,no_action,Private
Q-02890,no_action,Public
Q-01879,"send_alert(module='quetzal',severity='medium',reason='power_fluctuation')",Public
Q-02639,"send_alert(module='jaguar',severity='critical',reason='power_fluctuation')",Public
Q-03432,"send_alert(module='colibri',severity='medium',reason='power_fluctuation')",Private
Q-02117,"get_crew_status(module='colibri',info='location')",Public
Q-01168,"activate_protocol(protocol_id='MASA-SEC-008',scope='module_only')",Public
Q-02784,no_action,Public
Q-03263,"request_supply(category='equipment',urgency='routine')",Private
Q-03330,"send_alert(module='quetzal',severity='high',reason='radiation_spike')",Private
Q-03249,"activate_protocol(protocol_id='MASA-SEC-003',scope='module_only')",Private
Q-03541,no_action,Private
Q-03445,"send_alert(module='jaguar',severity='high',reason='structural_damage')",Private
Q-03120,"schedule_maintenance(module='quetzal',task='system_calibration',priority='routine')",Public
Q-00047,"send_alert(module='jaguar',severity='critical',reason='pressure_drop')",Public
Q-03402,"send_alert(module='colibri',severity='high',reason='oxygen_leak')",Private
Q-03462,no_action,Private
Q-02821,no_action,Public
Q-03341,"control_system(module='jaguar',system='filtration',action='increase')",Private
Q-03454,"calculate_trajectory(maneuver='station_keeping',urgency='immediate')",Private
Q-02597,"send_message(recipient='commander',priority='high')",Public
Q-03363,"control_system(module='condor',system='filtration',action='deactivate')",Private
Q-03287,"send_alert(module='jaguar',severity='medium',reason='power_fluctuation')",Private
Q-02698,"activate_protocol(protocol_id='MASA-SEC-012',scope='station_wide')",Public
Q-02371,"send_alert(module='jaguar',severity='high',reason='oxygen_leak')",Public
Q-03346,"activate_protocol(protocol_id='MASA-SEC-003',scope='module_only')",Private
Q-01318,"send_alert(module='condor',severity='critical',reason='power_fluctuation')",Public
Q-03298,"get_crew_status(module='quetzal',info='schedule')",Private
Q-01740,"schedule_maintenance(module='quetzal',task='filter_replacement',priority='routine')",Public
Q-03510,"send_message(recipient='medical_officer',priority='urgent')",Private
Q-03461,"schedule_maintenance(module='jaguar',task='software_update',priority='routine')",Private
Q-02036,"activate_protocol(protocol_id='MASA-SEC-018',scope='module_only')",Public
Q-01534,"send_alert(module='jaguar',severity='medium',reason='power_fluctuation')",Public
Q-02315,"send_alert(module='vicuna',severity='critical',reason='oxygen_leak')",Public
Q-02053,"send_alert(module='tucan',severity='high',reason='oxygen_leak')",Public
Q-01531,"activate_protocol(protocol_id='MASA-SEC-018',scope='module_only')",Public
Q-03517,no_action,Private
Q-02255,"activate_protocol(protocol_id='MASA-SEC-017',scope='module_only')",Public
Q-03301,"send_alert(module='jaguar',severity='critical',reason='pressure_drop')",Private
Q-01124,"activate_protocol(protocol_id='MASA-SEC-012',scope='station_wide')",Public
Q-02301,"control_system(module='tucan',system='filtration',action='deactivate')",Public
Q-03344,"activate_protocol(protocol_id='MASA-SEC-010',scope='module_only')",Private
Q-03353,"send_alert(module='vicuna',severity='critical',reason='radiation_spike')",Private
Q-02972,no_action,Public
Q-03034,no_action,Public
Q-03436,"send_alert(module='vicuna',severity='medium',reason='power_fluctuation')",Private
Q-03542,no_action,Private
Q-03410,"send_alert(module='tucan',severity='critical',reason='radiation_spike')",Private
Q-00520,"activate_protocol(protocol_id='MASA-SEC-007',scope='station_wide')",Public
Q-01098,"activate_protocol(protocol_id='MASA-SEC-001',scope='station_wide')",Public
Q-03320,"send_alert(module='tucan',severity='critical',reason='oxygen_leak')",Private
Q-01365,"activate_protocol(protocol_id='MASA-SEC-018',scope='module_only')",Public
Q-03313,"activate_protocol(protocol_id='MASA-SEC-008',scope='module_only')",Private
Q-03449,"activate_protocol(protocol_id='MASA-SEC-009',scope='module_only')",Private
Q-01971,"activate_protocol(protocol_id='MASA-SEC-008',scope='module_only')",Public
Q-03492,"calculate_trajectory(maneuver='station_keeping',urgency='immediate')",Private
Q-02753,"send_alert(module='quetzal',severity='critical',reason='oxygen_leak')",Public
Q-00441,"activate_protocol(protocol_id='MASA-SEC-011',scope='module_only')",Public
Q-03508,"send_alert(module='quetzal',severity='high',reason='oxygen_leak')",Private
Q-03565,"schedule_maintenance(module='colibri',task='system_calibration',priority='urgent')",Private
Q-03528,no_action,Private
Q-03485,"control_system(module='colibri',system='lighting',action='decrease')",Private
Q-03513,no_action,Private
Q-00911,"get_telemetry(module='colibri',metric='oxygen',timeframe_hours=1)",Public
Q-01672,"request_supply(category='equipment',urgency='expedited')",Public
Q-03367,"activate_protocol(protocol_id='MASA-SEC-017',scope='module_only')",Private
Q-00852,"get_module_status(module='colibri',system='thermal')",Public
Q-03342,"activate_protocol(protocol_id='MASA-SEC-012',scope='station_wide')",Private
Q-03280,"activate_protocol(protocol_id='MASA-SEC-008',scope='module_only')",Private
Q-03433,"send_alert(module='jaguar',severity='critical',reason='power_fluctuation')",Private
Q-00475,"send_alert(module='condor',severity='critical',reason='pressure_drop')",Public
Q-00612,"get_module_status(module='vicuna',system='structural')",Public
Q-02904,no_action,Public
Q-03411,"activate_protocol(protocol_id='MASA-SEC-011',scope='module_only')",Private
Q-03529,no_action,Private
Q-03531,no_action,Private
Q-02977,no_action,Public
Q-02762,no_action,Public
Q-01661,"get_module_status(module='tucan',system='power')",Public
Q-01173,"send_alert(module='colibri',severity='critical',reason='oxygen_leak')",Public
Q-03306,"send_alert(module='condor',severity='critical',reason='pressure_drop')",Private
Q-03322,"schedule_maintenance(module='tucan',task='hull_inspection',priority='routine')",Private
Q-02670,"activate_protocol(protocol_id='MASA-SEC-012',scope='station_wide')",Public
Q-03471,"send_alert(module='quetzal',severity='high',reason='structural_damage')",Private
Q-03505,"activate_protocol(protocol_id='MASA-SEC-001',scope='station_wide')",Private
Q-00164,"send_alert(module='vicuna',severity='medium',reason='radiation_spike')",Public
Q-03398,"get_telemetry(module='condor',metric='temperature',timeframe_hours=12)",Private
Q-02230,"activate_protocol(protocol_id='MASA-SEC-012',scope='station_wide')",Public
Q-03399,"send_alert(module='condor',severity='high',reason='pressure_drop')",Private
Q-00222,"send_alert(module='jaguar',severity='critical',reason='oxygen_leak')",Public
Q-03352,"send_alert(module='jaguar',severity='high',reason='structural_damage')",Private
Q-03543,no_action,Private
Q-00578,"get_crew_status(module='colibri',info='schedule')",Public
Q-03559,"schedule_maintenance(module='colibri',task='software_update',priority='routine')",Private
Q-02282,"send_alert(module='jaguar',severity='medium',reason='power_fluctuation')",Public
Q-01763,"activate_protocol(protocol_id='MASA-SEC-013',scope='module_only')",Public
Q-03270,"activate_protocol(protocol_id='MASA-SEC-010',scope='module_only')",Private
Q-01217,"activate_protocol(protocol_id='MASA-SEC-009',scope='module_only')",Public
Q-03312,"get_telemetry(module='vicuna',metric='temperature',timeframe_hours=6)",Private
Q-01206,"send_alert(module='colibri',severity='high',reason='pressure_drop')",Public
Q-01287,"get_crew_status(module='quetzal',info='current_activity')",Public
Q-03381,"get_crew_status(module='tucan',info='current_activity')",Private
Q-01735,"activate_protocol(protocol_id='MASA-SEC-009',scope='module_only')",Public
Q-01927,"send_alert(module='vicuna',severity='medium',reason='power_fluctuation')",Public
Q-00429,"activate_protocol(protocol_id='MASA-SEC-010',scope='module_only')",Public
Q-00099,"activate_protocol(protocol_id='MASA-SEC-017',scope='module_only')",Public
Q-02419,"send_alert(module='quetzal',severity='high',reason='oxygen_leak')",Public
Q-03551,"control_system(module='quetzal',system='lighting',action='deactivate')",Private
Q-00231,"activate_protocol(protocol_id='MASA-SEC-017',scope='module_only')",Public
Q-02327,"activate_protocol(protocol_id='MASA-SEC-004',scope='station_wide')",Public
Q-01434,"send_alert(module='quetzal',severity='critical',reason='oxygen_leak')",Public
Q-01751,"send_alert(module='quetzal',severity='critical',reason='oxygen_leak')",Public
Q-03371,"send_alert(module='quetzal',severity='high',reason='radiation_spike')",Private
Q-03456,"send_alert(module='condor',severity='critical',reason='abnormal_temperature')",Private
Q-00642,"send_alert(module='tucan',severity='high',reason='oxygen_leak')",Public
Q-02621,"request_supply(category='food',urgency='routine')",Public
Q-03274,"schedule_maintenance(module='condor',task='sensor_repair',priority='urgent')",Private
Q-02303,"get_telemetry(module='condor',metric='radiation',timeframe_hours=12)",Public
Q-03561,"calculate_trajectory(maneuver='orbit_adjustment',urgency='immediate')",Private
Q-03347,"send_alert(module='tucan',severity='critical',reason='radiation_spike')",Private
Q-00368,"activate_protocol(protocol_id='MASA-SEC-015',scope='station_wide')",Public
Q-03491,"send_alert(module='tucan',severity='high',reason='radiation_spike')",Private
Q-03424,"activate_protocol(protocol_id='MASA-SEC-001',scope='station_wide')",Private
Q-02869,no_action,Public
Q-03464,"schedule_maintenance(module='vicuna',task='filter_replacement',priority='routine')",Private
Q-01031,"send_alert(module='vicuna',severity='high',reason='radiation_spike')",Public
Q-00770,"send_alert(module='condor',severity='high',reason='pressure_drop')",Public
Q-00094,"send_alert(module='colibri',severity='high',reason='radiation_spike')",Public
Q-02872,no_action,Public
Q-01998,"get_module_status(module='quetzal',system='life_support')",Public
Q-02118,"activate_protocol(protocol_id='MASA-SEC-011',scope='module_only')",Public
Q-03451,"activate_protocol(protocol_id='MASA-SEC-009',scope='module_only')",Private
Q-03265,"send_alert(module='colibri',severity='high',reason='communication_loss')",Private
Q-03527,no_action,Private
Q-03521,no_action,Private
Q-03039,no_action,Public
Q-03547,"control_system(module='condor',system='cooling',action='increase')",Private
Q-00839,"activate_protocol(protocol_id='MASA-SEC-011',scope='module_only')",Public
Q-02267,"activate_protocol(protocol_id='MASA-SEC-004',scope='station_wide')",Public
Q-03047,"request_supply(category='food',urgency='expedited')",Public
Q-03478,"activate_protocol(protocol_id='MASA-SEC-001',scope='station_wide')",Private
Q-01900,"activate_protocol(protocol_id='MASA-SEC-004',scope='station_wide')",Public
Q-02367,"activate_protocol(protocol_id='MASA-SEC-004',scope='station_wide')",Public
Q-01897,"request_supply(category='equipment',urgency='expedited')",Public
Q-03392,"activate_protocol(protocol_id='MASA-SEC-015',scope='station_wide')",Private
Q-02924,no_action,Public
Q-03434,"send_alert(module='jaguar',severity='high',reason='oxygen_leak')",Private
Q-03444,"get_telemetry(module='vicuna',metric='power',timeframe_hours=1)",Private
Q-01585,"activate_protocol(protocol_id='MASA-SEC-011',scope='module_only')",Public
Q-03366,"activate_protocol(protocol_id='MASA-SEC-002',scope='station_wide')",Private
Q-00075,"activate_protocol(protocol_id='MASA-SEC-015',scope='station_wide')",Public
Q-01248,"send_alert(module='jaguar',severity='high',reason='structural_damage')",Public
Q-02294,"activate_protocol(protocol_id='MASA-SEC-010',scope='module_only')",Public
Q-03350,"activate_protocol(protocol_id='MASA-SEC-009',scope='module_only')",Private
Q-03271,"activate_protocol(protocol_id='MASA-SEC-017',scope='module_only')",Private
Q-02381,"activate_protocol(protocol_id='MASA-SEC-009',scope='module_only')",Public
Q-01302,"schedule_maintenance(module='vicuna',task='system_calibration',priority='routine')",Public
Q-03419,"send_alert(module='condor',severity='medium',reason='power_fluctuation')",Private
Q-01494,"send_alert(module='colibri',severity='critical',reason='pressure_drop')",Public
Q-01241,no_action,Public
Q-00771,"activate_protocol(protocol_id='MASA-SEC-001',scope='station_wide')",Public
Q-00929,"schedule_maintenance(module='condor',task='power_cell_swap',priority='urgent')",Public
Q-01127,"send_alert(module='condor',severity='high',reason='oxygen_leak')",Public
Q-03557,"control_system(module='condor',system='lighting',action='deactivate')",Private
Q-00476,"control_system(module='vicuna',system='filtration',action='decrease')",Public
Q-02583,"schedule_maintenance(module='quetzal',task='system_calibration',priority='urgent')",Public
Q-00396,"schedule_maintenance(module='jaguar',task='hull_inspection',priority='routine')",Public
Q-03533,no_action,Private
Q-02914,no_action,Public
Q-03552,"calculate_trajectory(maneuver='orbit_adjustment',urgency='planned')",Private
Q-03515,no_action,Private
Q-01975,"activate_protocol(protocol_id='MASA-SEC-002',scope='station_wide')",Public
Q-01773,"activate_protocol(protocol_id='MASA-SEC-010',scope='module_only')",Public
Q-00340,"send_alert(module='jaguar',severity='high',reason='pressure_drop')",Public
Q-03404,"activate_protocol(protocol_id='MASA-SEC-001',scope='station_wide')",Private
Q-03260,"send_alert(module='quetzal',severity='medium',reason='power_fluctuation')",Private
Q-03084,"request_supply(category='medical',urgency='expedited')",Public
Q-01141,"activate_protocol(protocol_id='MASA-SEC-011',scope='module_only')",Public
Q-03558,"request_supply(category='equipment',urgency='expedited')",Private
Q-03519,no_action,Private
Q-03466,"activate_protocol(protocol_id='MASA-SEC-017',scope='module_only')",Private
Q-03534,no_action,Private
Q-02037,"request_supply(category='scientific',urgency='routine')",Public
Q-03375,"activate_protocol(protocol_id='MASA-SEC-005',scope='module_only')",Private
Q-01366,"activate_protocol(protocol_id='MASA-SEC-012',scope='station_wide')",Public
Q-03417,"activate_protocol(protocol_id='MASA-SEC-002',scope='station_wide')",Private
Q-03318,"schedule_maintenance(module='quetzal',task='hull_inspection',priority='routine')",Private
Q-00495,"activate_protocol(protocol_id='MASA-SEC-018',scope='module_only')",Public
Q-01862,"send_alert(module='colibri',severity='critical',reason='radiation_spike')",Public
Q-00945,"activate_protocol(protocol_id='MASA-SEC-006',scope='station_wide')",Public
Q-03020,no_action,Public
Q-00008,"send_alert(module='vicuna',severity='critical',reason='abnormal_temperature')",Public
Q-00527,"get_telemetry(module='quetzal',metric='temperature',timeframe_hours=12)",Public
Q-03405,"send_alert(module='colibri',severity='critical',reason='oxygen_leak')",Private
Q-01327,"get_module_status(module='tucan',system='communications')",Public
Q-03359,"activate_protocol(protocol_id='MASA-SEC-018',scope='module_only')",Private
Q-03493,"send_alert(module='tucan',severity='critical',reason='pressure_drop')",Private
Q-00637,"send_alert(module='tucan',severity='medium',reason='radiation_spike')",Public
Q-03555,"schedule_maintenance(module='colibri',task='software_update',priority='routine')",Private
Q-02837,no_action,Public
Q-01584,"activate_protocol(protocol_id='MASA-SEC-003',scope='module_only')",Public
Q-03143,"get_module_status(module='condor',system='power')",Public
Q-02767,no_action,Public
Q-03560,"request_supply(category='medical',urgency='expedited')",Private
Q-02105,"send_alert(module='vicuna',severity='high',reason='pressure_drop')",Public
Q-00454,"send_alert(module='quetzal',severity='critical',reason='oxygen_leak')",Public
Q-03455,"get_module_status(module='condor',system='thermal')",Private
